Number,Gender,GivenName,MiddleInitial,Surname,StreetAddress,City,State,ZipCode,Country,EmailAddress,Password,TelephoneNumber,MothersMaiden,Birthday,CCType,CCNumber,CVV2,CCExpires,NationalID,UPS,Occupation,Domain,BloodType,Pounds,Kilograms,FeetInches,Centimeters
1,male,Blasco,P,Acevedo,1694 Bird Spring Lane,Houston,TX,77077,US,BlascoAcevedoCalvillo@pookmail.com,vue5Eech,281-497-9441,Calvillo,5/7/1957,Visa,4532593549421090,324,3/2011,458-88-0982,1Z 9F7 030 32 8806 310 2,Orthotist,PianoWholesaler.com,B+,148.5,67.5,5' 6",167
2,female,Pamela,D,Barela,3768 West Fork Drive,Deerfield Beach,FL,33441,US,PamelaDBarela@spambob.com,Doob7ai8ch,954-428-0397,Kim,1/12/1967,MasterCard,5194982839061433,309,12/2012,265-13-5224,1Z 740 063 45 8881 710 1,Erector,DealerSpiff.com,O+,168.7,76.7,5' 3",161
3,male,Ram,L,Badillo,314 New Street,Eugene,OR,97401,US,RamBadilloCortes@spambob.com,eRae1oGaith,541-334-8958,Cortés,11/13/1974,MasterCard,5539802605341385,905,11/2014,543-70-2539,1Z 686 901 47 7906 717 6,Blaster,PictureHD.com,A+,242.2,110.1,5' 9",175
4,male,Kenneth,K,Rentas,1665 Shadowmar Drive,Kenner,LA,70062,US,KennethKRentas@trashymail.com,ueQuiej3v,504-906-8834,Stephens,12/9/1952,Visa,4485301159627320,037,6/2015,437-86-7039,1Z 244 165 68 1562 441 2,Mobile heavy equipment service technician,BlackjackGroup.com,B+,149.6,68,5' 11",181
5,male,Melin,D,Garza,3068 Chicago Avenue,Fresno,CA,93721,US,MelinGarzaFuentes@mailinator.com,egh1faiPh,559-503-9146,Fuentes,8/30/1932,Visa,4716256766141712,571,7/2012,614-30-4250,1Z 236 296 86 4731 838 7,Law librarian,AlohaOffers.com,B+,210.1,95.5,5' 6",168
6,male,James,F,Canon,2183 Wiseman Street,Knoxville,TN,37917,US,JamesFCanon@dodgit.com,ahphieN7p,865-297-9865,Fry,8/7/1930,MasterCard,5194006680452507,011,11/2012,760-01-9539,1Z 35W 885 72 7477 896 2,Real estate appraiser,BirminghamLandscapers.com,O+,140.8,64,5' 5",166
7,male,Billy,D,Glover,621 Hartland Avenue,Oshkosh,WI,54901,US,BillyDGlover@spambob.com,ohquie0zoG8,920-303-8310,Beatty,3/10/1983,MasterCard,5466953326855091,265,3/2012,396-05-2444,1Z 585 531 73 4396 998 6,Computer applications software engineer,CardTrek.com,B+,240.2,109.2,5' 9",174
8,female,Ammia,P,Murillo,3270 Ocello Street,San Diego,CA,92103,US,AmmiaMurilloToledo@pookmail.com,eiG4iu5Aph2,619-853-7431,Toledo,9/23/1983,MasterCard,5171152055926068,313,10/2015,562-65-9708,1Z 609 449 10 1421 020 1,Jailer,LousyParents.com,O+,200.9,91.3,5' 1",154
9,female,Maryann,J,Moore,4349 Goodwin Avenue,Omak,WA,98841,US,MaryannJMoore@pookmail.com,Niedohtheu7,509-429-4640,Kelly,4/25/1957,MasterCard,5407252534380634,010,6/2012,534-10-8786,1Z 856 782 68 0415 187 9,Aircraft flight engineer,SeekTrading.com,O+,139.5,63.4,5' 1",154
10,male,Edison,M,Negrete,1481 Cooks Mine Road,Artesia,NM,88210,US,EdisonNegreteFarias@trashymail.com,quai3eWoo,505-746-7657,Farías,10/31/1960,Visa,4916200584358817,803,11/2013,648-38-0379,1Z 731 8W3 96 9100 428 5,Computer programmer,ScientificValue.com,B+,150.7,68.5,5' 9",176
11,male,Heber,F,Márquez,3997 Sand Fork Road,Atwood,IN,46580,US,HeberMarquezLongoria@mailinator.com,iey3aip2Goh,574-858-5152,Longoria,6/26/1989,Visa,4532499588086309,979,11/2015,309-52-5935,1Z 894 611 61 8929 460 1,Editor,GolfDevice.com,O+,229,104.1,5' 9",176
12,male,Zelmar,C,Varela,1509 Round Table Drive,Dayton,OH,45408,US,ZelmarVarelaTeran@pookmail.com,vee2iizu2Ie,513-849-7304,Terán,2/15/1940,MasterCard,5257783460343452,175,11/2015,286-36-2858,1Z 158 339 61 9707 039 0,Leather worker,TacomaHandyman.com,O+,178.4,81.1,5' 11",180
13,male,Quirino,B,Valverde,4800 Froe Street,Morgantown,WV,26505,US,QuirinoValverdeCollazo@dodgit.com,pha5Ekai4,304-292-8069,Collazo,11/20/1989,MasterCard,5213748978455430,849,5/2014,233-64-5335,1Z 407 260 94 3413 596 1,Prosthetics technician,MentalTracker.com,A+,206.1,93.7,6' 1",185
14,female,Damaris,E,Sanches,2611 Golden Ridge Road,Albany,NY,12210,US,DamarisSanchesCardona@spambob.com,OhY5oi0ai,518-337-6327,Cardona,4/12/1952,MasterCard,5319737177288307,483,10/2013,087-56-2085,1Z F84 522 48 3058 412 7,Machinist,SourceBuster.com,A+,125.8,57.2,5' 0",153
15,male,Pegaso,M,Jáquez,3344 Hillcrest Avenue,Boston,MA,02199,US,PegasoJaquezParra@mailinator.com,Yea9ichai,781-906-2693,Parra,9/10/1929,MasterCard,5320389695665561,091,9/2014,033-82-1302,1Z 974 04W 76 3538 007 5,Plant operator,MixedBar.com,AB+,182.6,83,5' 10",179
16,female,Claribel,H,Carranza,451 Flynn Street,Willoughby,OH,44094,US,ClaribelCarranzaCorona@spambob.com,niu3Iekoo,440-918-9890,Corona,3/20/1980,Visa,4716335723665326,330,8/2013,302-98-7986,1Z 878 113 93 3146 137 9,Professional athlete,BikeInventory.com,A+,211.4,96.1,5' 7",169
17,female,Fabia,B,Maestas,1338 Eagle Drive,Southfield,MI,48034,US,FabiaMaestasMaestas@pookmail.com,AimeiMoh0ig,734-785-3215,Maestas,2/15/1935,MasterCard,5152674962237019,200,9/2012,368-80-1685,1Z 466 F79 64 7466 411 0,Sales engineer,CityCelebs.com,B+,195.4,88.8,5' 5",165
18,male,William,G,Weems,2153 Finwood Road,Piscataway,NJ,08854,US,WilliamGWeems@spambob.com,ahRi7La1,732-508-5373,Overby,2/29/1972,Visa,4716264524707204,902,6/2014,158-18-3784,1Z E03 235 59 2323 868 1,Customs agent,FormerNames.com,O+,202.6,92.1,6' 1",185
19,male,Alcuino,S,Jaramillo,4546 Southern Avenue,Kiester,IA,56051,US,AlcuinoJaramilloPreciado@dodgit.com,aeCae6tao2y,641-298-7224,Preciado,7/13/1982,MasterCard,5595206533690692,464,7/2015,482-90-5169,1Z 865 6Y5 10 7793 604 2,Customs agent,DishTag.com,O+,236.3,107.4,5' 7",170
20,male,Kevin,A,Lynch,20 Ashcraft Court,San Diego,CA,92123,US,KevinALynch@spambob.com,ac0Icood,619-436-4738,Stough,3/20/1975,MasterCard,5275829948878953,369,8/2015,566-49-8382,1Z 153 072 79 3295 899 4,FBI agent,ClayCleaner.com,O+,208.6,94.8,5' 9",176
21,male,Wallace,A,Flynn,4645 Lyndon Street,Nazareth,PA,18064,US,WallaceAFlynn@trashymail.com,pie3LaeYoo0,610-759-3617,Sigmon,3/27/1928,MasterCard,5145436668632715,253,2/2012,167-80-1435,1Z 514 190 12 1264 404 9,Engineer,CoachingBuilder.com,A+,159.1,72.3,6' 0",183
22,male,Aicardo,R,Angulo,3158 Armory Road,Wilmington,NC,28403,US,AicardoAnguloDiaz@dodgit.com,naesahWae2ei,910-798-0375,Díaz,4/17/1949,MasterCard,5256982035678043,644,8/2015,237-31-1781,1Z 5V1 384 31 3200 117 3,Industrial property manager,DumbDecisions.com,O+,213.4,97,6' 1",185
23,male,Jason,D,Spencer,2014 Breezewood Court,Moundridge,KS,67107,US,JasonDSpencer@pookmail.com,heech4Ceibi,620-381-4032,Moore,2/18/1959,Visa,4716612396451675,836,11/2013,512-22-1519,1Z 953 Y32 95 9300 362 3,Correspondent,PrankPros.com,A+,248.6,113,5' 7",169
24,female,Tiffany,O,Nguyen,3329 Duffy Street,Gary,IN,46402,US,TiffanyONguyen@pookmail.com,reM2aebei,219-742-0024,Janssen,3/13/1958,MasterCard,5531071530597507,054,1/2012,312-28-9892,1Z Y83 440 84 9250 122 3,Cook,ShinProtection.com,O+,219.8,99.9,5' 1",156
25,male,Paul,D,Peters,4954 Aspen Court,Cambridge,MA,02141,US,PaulDPeters@pookmail.com,ied1hahKaiy,617-418-1084,Smith,11/23/1984,MasterCard,5531986142946653,640,10/2014,030-64-0857,1Z 479 E67 50 8521 004 2,Sales manager,PrimeFeeds.com,O+,201.1,91.4,6' 1",185
26,female,Marta,H,Lugo,550 Park Boulevard,Kanawha,IA,50447,US,MartaLugoFerrer@dodgit.com,Vei9ahtee5D,641-729-4113,Ferrer,1/18/1931,MasterCard,5366728177666263,462,11/2011,485-44-8342,1Z 147 933 47 1876 407 7,Web developer,LiquidationPricing.com,O+,120.1,54.6,5' 4",162
27,male,Ettiene,M,Villareal,3262 Thompson Drive,Concord,CA,94520,US,EttieneVillarealVargas@dodgit.com,Aevae0aht5,510-396-7326,Vargas,8/23/1988,MasterCard,5383762919800491,215,4/2015,610-18-0114,1Z 3W8 06F 82 9083 182 7,Counter clerk,OpenSandal.com,A+,236.1,107.3,6' 0",182
28,female,Visitación,T,Elizondo,2555 Rosewood Court,Rochester,MN,55902,US,VisitacionElizondoMadera@dodgit.com,rai0igaReiw,507-284-6689,Madera,11/3/1983,MasterCard,5385649680304241,861,11/2013,468-04-1903,1Z 2E8 964 45 2025 102 3,Model,FutureSurgeon.com,AB+,122.8,55.8,5' 6",167
29,male,Steven,S,Merida,4692 Reynolds Alley,Los Angeles,CA,90017,US,StevenSMerida@pookmail.com,Eebai3aweeN,562-363-1784,Gilbert,6/15/1950,MasterCard,5411524305324452,400,9/2011,605-38-3465,1Z E44 V58 72 6809 034 9,Manicurist,TheftPolicy.com,O+,191.6,87.1,5' 10",179
30,female,Renee,J,Schacht,373 Ersel Street,Arlington,TX,76011,US,ReneeJSchacht@pookmail.com,teiBoome5ae,214-437-9242,White,6/27/1937,Visa,4539935762273166,889,1/2011,457-57-3208,1Z W57 076 65 5116 227 0,Demographic economist,WirelessMortgages.com,O+,192.5,87.5,4' 11",151
31,male,Eitan,B,Villagómez,3609 Vernon Street,Fullerton,CA,93632,US,EitanVillagomezGaytan@mailinator.com,koo0oWiwei,760-694-6530,Gaytan,11/26/1961,MasterCard,5459910946572588,138,10/2012,557-68-6791,1Z 175 483 83 6063 121 9,Shoe and leather repairer,MClerk.com,O+,247.3,112.4,5' 10",178
32,female,Janice,P,Tong,3652 Whiteman Street,Hightstown,NJ,08520,US,JanicePTong@dodgit.com,AhseePhei1,609-918-9518,Dwight,8/21/1935,Visa,4716995168503561,189,12/2015,157-01-5216,1Z 186 A62 83 4884 843 9,Institution and cafeteria cook,RomanceBar.com,A+,189,85.9,5' 4",162
33,male,Reuben,J,Armendáriz,4475 Pine Garden Lane,Atlanta,GA,30303,US,ReubenArmendarizJiminez@spambob.com,Ooguv9oe0sai,770-747-8298,Jimínez,10/18/1950,MasterCard,5400560990341560,963,10/2013,259-49-9903,1Z 423 2E0 80 5472 701 4,Cable line installer,CreditCurse.com,A+,183.3,83.3,5' 7",170
34,male,Menajem,I,Vallejo,3963 Clay Lick Road,Golden,CO,80401,US,MenajemVallejoAguirre@spambob.com,bohna2Veipi,720-746-4236,Aguirre,5/9/1961,Visa,4539779443257770,107,11/2014,651-07-3591,1Z 379 V00 40 6421 989 6,Aerospace engineering and operations technician,CoalExpert.com,A+,250.4,113.8,5' 9",176
35,female,Ivana,T,Sánchez,330 Wilson Street,Riverside,CA,92501,US,IvanaSanchezLujan@trashymail.com,die1Daewoo,760-900-7985,Luján,7/6/1953,Visa,4929364257783548,621,7/2015,565-87-1190,1Z A34 013 03 1964 999 4,Army,NewsReform.com,A+,142.6,64.8,5' 6",167
36,male,Donald,B,Boston,3351 Kelly Street,Charlotte,NC,28202,US,DonaldBBoston@mailinator.com,zah3Iuquah,704-972-7745,Grant,3/8/1984,Visa,4485027359075206,440,2/2015,240-79-4490,1Z 13A 478 31 6880 585 7,Mobile heavy equipment service technician,UnknownJournal.com,A+,169.6,77.1,5' 9",176
37,female,Dacil,D,Crespo,1013 Confederate Drive,Amber,NY,13110,US,DacilCrespoRojas@dodgit.com,wol1Ungoo,315-636-0833,Rojas,9/15/1951,MasterCard,5256738933281367,213,10/2015,109-18-4858,1Z 065 54E 45 4771 205 9,Automotive engineer,NetRemover.com,O+,136.4,62,5' 6",168
38,female,Noreia,T,Callas,1703 Brighton Circle Road,Granite Falls,MN,56241,US,NoreiaCallasOlmos@mailinator.com,Puji1quapah,320-564-5391,Olmos,2/19/1957,Visa,4532908432531906,075,7/2013,471-31-6415,1Z E07 983 27 8906 725 7,Publications specialist,DiscussFM.com,A+,126.1,57.3,5' 0",153
39,male,Ronald,D,Monk,721 Lowland Drive,German Valley,IL,61039,US,RonaldDMonk@trashymail.com,egh8saMae,815-362-3515,Parham,6/30/1967,Visa,4916920012810796,207,6/2012,330-88-6676,1Z A57 F50 19 2767 685 2,Financial investigator,StomachBlog.com,A-,241.6,109.8,5' 11",180
40,male,Henry,J,Vang,533 Kembery Drive,Burr Ridge,IL,61257,US,HenryJVang@dodgit.com,Aiw5ooph,630-528-3343,Estrada,9/11/1957,MasterCard,5463165485363154,736,6/2014,359-36-0636,1Z W91 6E3 95 6792 897 3,Pile driver operator,CodingApps.com,B+,177.5,80.7,6' 2",188
41,male,Ron,G,Lantz,2075 Lakeland Park Drive,Marietta,GA,30067,US,RonGLantz@mailinator.com,Moneequ8kie,770-644-1445,Chapman,4/15/1930,MasterCard,5330551231108277,152,4/2011,259-71-2517,1Z 508 221 80 4943 460 0,Land acquisition manager,BirthTest.com,A+,179.1,81.4,5' 4",163
42,female,Rachael,J,Strickland,2125 Hinkle Deegan Lake Road,Catlettsburg,KY,41129,US,RachaelJStrickland@trashymail.com,ang4Ael7a,606-931-2786,Conway,7/24/1973,MasterCard,5221963508378644,374,11/2012,405-03-0381,1Z 351 9F1 28 9555 504 0,Radiologic technologist,DualBags.com,B+,137.1,62.3,5' 6",167
43,male,James,M,Soler,1808 Heritage Road,Terra Bella,CA,93270,US,JamesMSoler@spambob.com,AtijaTh8,559-793-8113,Gonzalez,10/17/1965,Visa,4916677723102240,189,7/2011,548-58-5077,1Z 0W2 866 31 5780 100 1,Industrial hygienist,IntelPrograms.com,O+,207.9,94.5,6' 1",185
44,male,Daniel,E,Elliott,4250 Washington Avenue,Jackson,MS,39201,US,DanielEElliott@dodgit.com,Ahdae9eo6ob,601-990-4968,Brannigan,10/3/1942,Visa,4929659910907743,090,2/2014,587-48-2123,1Z 6Y9 882 55 8845 229 9,Organic chemist,BarRank.com,AB+,221.5,100.7,6' 0",184
45,male,Hadrian,L,Angulo,2046 Star Trek Drive,Tallahassee,FL,32301,US,HadrianAnguloSaucedo@mailinator.com,zie1Aighiech,850-412-8088,Saucedo,1/23/1967,MasterCard,5372996648287868,502,9/2014,261-90-4690,1Z 2A6 42Y 87 0525 455 7,Merchandise manager,DriverRules.com,O-,218.9,99.5,5' 7",170
46,male,Malte,G,Heredia,226 Norma Avenue,Dayton,OH,45402,US,MalteHerediaAlmonte@spambob.com,mae5Ahxu,937-240-6591,Almonte,4/22/1968,MasterCard,5564185581913197,531,1/2014,281-68-9453,1Z 045 311 17 1846 376 1,Government auditor,DomainConfessions.com,O+,220.4,100.2,5' 8",173
47,female,Maya,A,Rubio,20 Twin House Lane,Everton,MO,65682,US,MayaRubioDominguez@mailinator.com,thahK4oo,417-535-3231,Domínguez,9/23/1975,Visa,4485185893944269,799,1/2012,497-76-8990,1Z E26 825 24 6165 374 3,Public accountant,HartfordRentalCars.com,B+,190.7,86.7,5' 9",175
48,male,Leal,N,Enríquez,1586 Perine Street,Herndon,VA,20170,US,LealEnriquezAcevedo@mailinator.com,Phaen8bee,703-736-5178,Acevedo,7/21/1981,Visa,4532036607738096,974,11/2014,223-89-9525,1Z 730 A66 62 8862 830 2,Floral designer,TravellingCase.com,O+,149.4,67.9,6' 2",188
49,female,Clodovea,P,Yáñez,1392 Front Street,Southfield,MI,48075,US,ClodoveaYanezCeja@spambob.com,seequ5ooHie,810-442-0838,Ceja,12/20/1939,Visa,4716630619511935,509,9/2011,364-80-7369,1Z 5F4 05Y 64 4222 888 8,Mental health counselor,BasicSpeech.com,B+,134.9,61.3,5' 2",157
50,male,Peter,E,Magill,3561 Fidler Drive,San Antonio,TX,78212,US,PeterEMagill@dodgit.com,Ul5auch7,210-643-0015,Wood,7/19/1940,Visa,4556310003482968,453,7/2014,635-30-5787,1Z 552 914 48 8437 622 5,Furniture finisher,BurmaBeach.com,A+,205,93.2,5' 10",177
51,female,Silvia,S,Johnson,349 Washington Street,Corpus Christi,TX,78401,US,SilviaSJohnson@trashymail.com,thieshe6H,361-424-0739,Head,5/16/1972,Visa,4916652050046302,646,12/2012,640-74-2786,1Z 765 384 59 7977 337 1,Building construction estimator,RegistrationSpecials.com,A+,211.6,96.2,5' 2",158
52,female,Debra,C,Burgos,3619 Twin Willow Lane,Wilmington,NC,28405,US,DebraCBurgos@pookmail.com,aed9Oquaegh,910-399-7875,Ogle,10/31/1941,Visa,4929316456470657,218,8/2013,244-26-5678,1Z 611 167 42 8952 786 2,Head hunter,HeadPros.com,A+,184.6,83.9,5' 3",160
53,female,Jennifer,J,Fisher,2593 Big Indian,New Orleans,LA,70112,US,JenniferJFisher@pookmail.com,Fai9aax3ei,504-586-9628,Houston,5/1/1950,Visa,4929472069615723,576,4/2014,665-03-0387,1Z W34 9V9 61 0975 953 5,Insurance investigator,InsuranceVerified.com,B+,157.5,71.6,5' 1",154
54,female,Diva,R,Cerda,2176 Deans Lane,Fairview Park,NY,10603,US,DivaCerdaCintron@mailinator.com,AhVoin2ei,914-784-0624,Cintrón,5/25/1959,MasterCard,5273857157026867,980,8/2014,078-84-5788,1Z 987 219 93 6914 833 5,Animal control officer,HelicopterParking.com,B+,196.5,89.3,5' 4",162
55,male,Huapi,E,Regalado,180 Thorn Street,Hulett,WY,82720,US,HuapiRegaladoMatias@dodgit.com,eilaG3ufoh,307-467-8793,Matías,4/15/1961,Visa,4916846430119421,110,8/2015,520-22-6635,1Z E51 468 11 6402 041 1,Music director,TampaSurgeon.com,O-,158.4,72,5' 11",181
56,female,Lien,E,Heredia,717 Washburn Street,Baton Rouge,LA,70802,US,LienHerediaFerrer@pookmail.com,izeiPhaex1,225-383-9215,Ferrer,1/9/1974,MasterCard,5258470242315417,120,12/2011,433-40-0994,1Z 7W5 263 73 5869 875 4,Admissions officer,PromotionalThemes.com,A-,185,84.1,5' 7",171
57,male,Gordon,R,Kitchen,4799 Briarwood Road,Joplin,MO,64804,US,GordonRKitchen@mailinator.com,ohP9apieCa,417-848-4154,Cummings,6/13/1988,Visa,4485042269128847,577,8/2011,486-11-1691,1Z E66 300 64 8007 338 0,Nail care technician,BingoCollege.com,B+,236.7,107.6,6' 0",183
58,female,Trinity,J,Serna,2485 Garrett Street,Grand Rapids,MI,49503,US,TrinitySernaNava@dodgit.com,EiZ8Esh3,269-266-8383,Nava,5/10/1983,Visa,4532872906132486,121,9/2013,370-02-3388,1Z 293 Y05 33 5502 761 2,Dentist,PublishedPaper.com,A+,171.6,78,5' 3",161
59,male,Hector,K,Willingham,4086 Shinn Avenue,Fredonia,PA,16124,US,HectorKWillingham@spambob.com,Neijee1oogai,724-475-4835,Blanco,8/15/1959,Visa,4716641769339753,595,2/2014,160-72-0953,1Z 76Y 21A 42 0176 566 1,Water and wastewater treatment plant and system operator,ArmDirectory.com,O+,182.6,83,6' 0",182
60,male,Lain,S,Ramírez,481 Mcwhorter Road,Jackson,MS,39201,US,LainRamirezAgosto@pookmail.com,amo7Ra8AaTh,662-426-0374,Agosto,5/27/1948,MasterCard,5233908647849324,115,5/2013,428-22-2290,1Z 599 V97 40 8984 965 1,Technical trainer,UKRank.com,A+,189,85.9,5' 8",173
61,male,Jose,K,Barrick,2226 Tenmile,Norfolk,VA,23502,US,JoseKBarrick@pookmail.com,Foh4aicoo,757-892-0703,Paige,5/25/1991,Visa,4916114382417867,572,7/2015,691-05-6708,1Z 688 815 82 0992 336 8,Layout artist,FineFoxes.com,O+,189.2,86,5' 7",169
62,female,Alice,T,Turgeon,2648 Charla Lane,Richardson,TX,75081,US,AliceTTurgeon@pookmail.com,Laesah2TaeP,972-664-6267,Mcafee,12/14/1940,MasterCard,5447129062422164,336,4/2013,645-02-2370,1Z 020 142 41 1994 427 3,Biochemist,CounterfeitDVD.com,B+,205.9,93.6,5' 1",156
63,female,Zuleica,E,Díaz,750 Maple Avenue,Stockton,CA,95204,US,ZuleicaDiazMateo@mailinator.com,ees4fohQu,209-279-6457,Mateo,7/22/1985,MasterCard,5272016470886330,991,10/2014,603-34-6725,1Z 033 545 92 4335 027 4,Directory assistance operator,SSLNews.com,A+,140.6,63.9,5' 5",166
64,male,Floyd,G,Russell,1831 Arrowood Drive,Ponte Vedra Beach,FL,32082,US,FloydGRussell@mailinator.com,xu3coo8ieTh,904-543-1860,Cameron,12/27/1936,Visa,4929362528963360,824,3/2013,590-49-8175,1Z 741 975 97 7104 951 0,Station agent,ClassPreview.com,A+,183.3,83.3,5' 8",173
65,female,Marcia,E,Camarillo,1504 Victoria Court,Bath,ME,04530,US,MarciaCamarilloBaeza@dodgit.com,seerah7Ph,207-386-7156,Baeza,11/22/1967,MasterCard,5143692273991753,362,10/2011,005-38-7169,1Z 466 Y39 56 4563 478 9,Soil conservationist,NotAffiliated.com,A-,115.1,52.3,5' 1",155
66,male,Duane,K,Pineiro,2794 Woodland Terrace,Mcclellan Afb,CA,95652,US,DuaneKPineiro@spambob.com,gahie6ahwiPh,916-968-1116,Warren,3/10/1979,MasterCard,5119911151060634,155,1/2011,565-76-2424,1Z 413 8Y3 59 3843 613 5,Mortgage banker,BrowserFax.com,B+,176.7,80.3,5' 9",176
67,male,Kenneth,E,Burns,2172 Anthony Avenue,Abilene,TX,79602,US,KennethEBurns@dodgit.com,aav9Ue9ke,325-742-9260,Phillip,1/31/1986,Visa,4929051796124553,682,9/2013,463-52-4572,1Z 930 E12 97 4465 870 2,Parts salesperson,SubRecipes.com,A+,194.7,88.5,5' 10",177
68,female,Cathy,E,Alcalá,89 Hardman Road,Brattleboro,VT,05301,US,CathyAlcalaZaragoza@mailinator.com,saph9aoR4axei,802-736-0201,Zaragoza,2/4/1954,MasterCard,5303395138330896,468,7/2011,008-36-4553,1Z 788 Y19 46 5909 339 8,Research chef,KosherMobile.com,A+,163.2,74.2,5' 7",170
69,female,Erminia,J,Bernal,3870 Worley Avenue,Charlottesville,VA,22903,US,ErminiaBernalBarrios@trashymail.com,yunoh1Bie0,434-422-5032,Barrios,12/10/1947,Visa,4556725780773307,830,4/2014,231-45-3702,1Z 61A 890 15 1898 791 1,Postsecondary vocational-technical education teacher,ConferenceCities.com,A-,132.2,60.1,5' 7",170
70,female,Yamel,M,Garrido,4742 Single Street,Malden,MA,02148,US,YamelGarridoCabrera@dodgit.com,quiemoo7ieK,781-655-9437,Cabrera,5/31/1984,Visa,4716040034237290,759,4/2013,019-80-1286,1Z 408 794 89 6243 669 3,Electronic prepress technician,HartfordFuneral.com,B+,142.6,64.8,5' 7",170
71,male,André,M,Bahena,4031 New Creek Road,Huntsville,AL,35802,US,AndreBahenaSaavedra@trashymail.com,diM0eicoosee,256-880-2269,Saavedra,7/22/1940,MasterCard,5326096612300628,719,4/2014,417-05-1178,1Z 927 24Y 43 3394 513 4,Administrative specialist,WorkoutFanatics.com,AB+,156.4,71.1,6' 0",183
72,female,Dinah,M,Ortega,3053 Rosebud Avenue,Mallard Point,AR,72653,US,DinahOrtegaResendez@mailinator.com,aeCi8phoo,870-492-9490,Reséndez,2/18/1956,Visa,4716501830531673,987,3/2011,431-18-5090,1Z F52 302 26 8531 275 9,Office and administrative support worker supervisor,BelizeFaq.com,O+,121.7,55.3,5' 4",162
73,female,Cindy,A,Barrera,343 Chatham Way,Reston,MD,20191,US,CindyBarreraZamora@trashymail.com,ohTh3bai5Ie,240-597-8092,Zamora,2/3/1931,MasterCard,5387039252426945,365,8/2012,214-80-2368,1Z 6E9 984 80 4530 448 6,Film and video editor,DetroitPaintball.com,A+,119.9,54.5,5' 1",156
74,female,Mary,K,Ross,4962 Bubby Drive,Lockhart,TX,52698,US,MaryKRoss@spambob.com,sei0Sohse,512-376-3816,Green,10/12/1945,MasterCard,5484788852176290,670,6/2011,632-76-9650,1Z V21 F23 34 4631 075 1,Public safety dispatcher,DIYMakeover.com,A+,150.7,68.5,5' 7",170
75,female,Jasmine,J,Egerton,1512 Buffalo Creek Road,Nashville,TN,37210,US,JasmineJEgerton@dodgit.com,Eiham5qu,615-921-9348,Arceo,6/10/1986,Visa,4485347250047322,164,8/2014,411-01-5598,1Z 977 24Y 03 7958 148 0,Job placement specialist,PicBroker.com,O+,189.9,86.3,5' 7",170
76,female,Lioba,G,Téllez,4775 Centennial Farm Road,Nemaha,IA,50567,US,LiobaTellezMarroquin@dodgit.com,iez9Jahh,712-636-2155,Marroquín,12/19/1968,MasterCard,5313738518309170,693,9/2011,481-16-2771,1Z 299 591 25 7972 490 9,Tax examiner,VentureZip.com,A+,187.2,85.1,5' 4",162
77,female,Annie,C,Richter,4706 Douglas Dairy Road,Martinsville,VA,24112,US,AnnieCRichter@dodgit.com,EVoa0shie,276-638-4060,Ryan,1/12/1926,MasterCard,5116922647074017,316,12/2014,231-69-6383,1Z 055 E22 44 5871 530 1,Commercial lender,EntertainmentGazette.com,B+,112.6,51.2,5' 5",166
78,female,Mirtha,E,Barrera,4020 Thunder Road,Oakland,CA,94612,US,MirthaBarreraRuvalcaba@dodgit.com,phiejee8Hae,650-523-1698,Ruvalcaba,1/4/1961,Visa,4532679991889460,384,2/2013,546-70-9708,1Z 2Y9 682 69 7358 516 5,Placement specialist,DifferentMoms.com,O+,161.5,73.4,5' 6",167
79,male,David,B,Tillman,930 Maxwell Farm Road,Fredericksburg,VA,22401,US,DavidBTillman@pookmail.com,taoC7ahshae,540-227-1852,Borden,12/15/1969,Visa,4539623341710433,343,12/2013,698-03-7098,1Z 74W V43 97 9680 247 5,Zoologist,MississippiInsuranceAgents.com,O+,161.9,73.6,6' 1",185
80,female,Phyllis,D,Oh,1912 Juniper Drive,Saginaw,MI,48603,US,PhyllisDOh@spambob.com,Jejiey8Wai,989-792-6660,Lanning,3/15/1972,MasterCard,5545412534793359,867,12/2015,371-26-5298,1Z 266 931 62 7803 539 2,Adult literacy teacher,PoleJobs.com,O+,207.9,94.5,5' 1",154
81,male,John,A,Wall,3835 Little Street,Burbank,OH,44214,US,JohnAWall@pookmail.com,Uz0aechah,330-624-3123,Buckner,10/28/1926,Visa,4539694469639050,085,4/2011,279-38-7332,1Z 984 867 01 2092 677 5,Travel guide,GopherJobs.com,B+,165.9,75.4,5' 10",179
82,male,Steven,M,Lawson,2112 Thorn Street,Mountain View,WY,82939,US,StevenMLawson@mailinator.com,Yee8ookei,307-540-0563,Matthews,4/9/1941,Visa,4916313471056350,299,4/2015,520-56-0940,1Z E53 696 27 5250 662 5,Hanger,BizCelebrity.com,O-,189.6,86.2,5' 7",170
83,male,Baal,I,Riojas,1216 Lilac Lane,Douglas,GA,31533,US,BaalRiojasBonilla@trashymail.com,ache0nuSh,912-389-2970,Bonilla,4/24/1955,Visa,4716552653681152,790,1/2014,668-12-9072,1Z F91 3F5 61 7050 108 1,CT technologist,ReverseMortgageBeat.com,O+,234.7,106.7,6' 0",184
84,male,Thomas,B,Johnson,1801 Hilltop Haven Drive,Lyndhurst,NJ,07071,US,ThomasBJohnson@pookmail.com,wiqueiYei5oo,973-834-8700,Mills,9/8/1959,Visa,4532542946728680,525,12/2013,154-24-2330,1Z V26 790 99 5189 157 4,Service technician,CartCleaning.com,A-,249.5,113.4,6' 1",186
85,female,Amina,J,Hungate,67 Kenwood Place,Fort Lauderdale,FL,33383,US,AminaJHungate@spambob.com,cuo3Xoav,954-590-3973,Baughn,6/15/1964,Visa,4532624680630692,456,2/2015,265-88-8114,1Z 815 083 85 1072 807 5,Video camera operator,PrepaidPayments.com,O+,227.3,103.3,5' 1",154
86,male,Steven,G,Chatman,3860 Candlelight Drive,Katy,TX,77494,US,StevenGChatman@pookmail.com,ea4Eeguo,281-395-5712,Saddler,4/26/1969,MasterCard,5323823108288394,469,9/2014,457-96-0383,1Z 342 65E 09 9952 390 1,Orthodontist,AnonymousTalk.com,A+,215.6,98,5' 7",171
87,male,Orazio,C,Alvarado,1637 Parker Drive,Cleveland,OH,44115,US,OrazioAlvaradoBriones@mailinator.com,dei4ahM8ow3ah,216-685-2416,Briones,9/26/1944,Visa,4485586844380141,884,12/2011,279-36-5141,1Z 824 2A7 97 9047 892 0,Cadet,NameSeizer.com,B+,175.1,79.6,5' 5",165
88,male,Billy,P,Jennings,1896 Buena Vista Avenue,Bend,OR,97701,US,BillyPJennings@spambob.com,EeJohxee5Ai,541-678-8550,Franks,8/22/1992,MasterCard,5391263171821630,967,7/2013,540-16-1773,1Z F22 528 70 1727 555 6,Electric motor repairer,MainPodcast.com,O+,161,73.2,6' 2",189
89,female,Sarah,W,Ackley,867 Glenview Drive,Corpus Christi,TX,78476,US,SarahWAckley@mailinator.com,mohQuoh8hi,361-463-3782,Nieves,4/6/1938,MasterCard,5578130413075793,948,8/2013,455-76-3316,1Z 641 71W 22 3306 176 1,Legal assistant,SwimStickers.com,O+,202.8,92.2,5' 3",161
90,male,Leontino,N,Veliz,4556 Heather Sees Way,Summerfield,OK,74961,US,LeontinoVelizNieves@mailinator.com,thuch2Ru1eF,918-677-2526,Nieves,4/17/1933,Visa,4716386678584020,463,12/2014,446-17-7310,1Z 186 005 03 2435 475 2,Electrical drafter,WyomingAir.com,B+,137.1,62.3,6' 0",183
91,female,Ellen,R,Ball,973 Brookview Drive,Houston,TX,77006,US,EllenRBall@pookmail.com,ooFahhok7O,409-255-3173,Stanton,4/7/1976,Visa,4716069035929209,599,12/2013,644-76-9018,1Z 89W 524 10 8044 401 4,Voice writer,CelebrityNoses.com,A-,132.4,60.2,5' 8",173
92,male,Bobby,J,Kerlin,4691 Elk Creek Road,Marietta,GA,30064,US,BobbyJKerlin@pookmail.com,aeTa6eaMoh,770-494-2596,Ang,7/12/1962,MasterCard,5186395311666472,560,8/2015,260-48-5994,1Z 092 199 77 9857 036 2,Bulldozer operator,ParentingData.com,O+,159.1,72.3,6' 0",183
93,female,Honoria,J,Olivárez,3863 Tator Patch Road,Burr Ridge,IL,61257,US,HonoriaOlivarezOlivares@dodgit.com,iXeez1rohlo,312-844-3897,Olivares,3/10/1938,Visa,4916761404195036,051,1/2015,350-42-7955,1Z 766 549 74 0122 721 4,Digital electronic prepress worker,SaladFruit.com,O+,152.9,69.5,5' 6",167
94,male,Rodney,R,Kaiser,3114 Custer Street,State College,PA,16801,US,RodneyRKaiser@trashymail.com,jiHu8Ovoh,814-867-8477,Evans,5/4/1990,Visa,4539151278364586,616,7/2014,162-64-1391,1Z 268 172 27 9821 980 8,Nurse,StatusSwap.com,O+,165.7,75.3,6' 3",190
95,female,Judy,F,White,1711 Blackwell Street,Anchorage,AK,99504,US,JudyFWhite@trashymail.com,yoa4Nee8Rae,907-338-8832,Koch,3/1/1982,MasterCard,5156359280428005,089,6/2011,574-04-9580,1Z 611 5A9 55 5927 083 7,Tire changer,VisaProtection.com,A+,128.7,58.5,5' 7",170
96,female,Beverly,R,Pratt,1860 Nuzum Court,Hamburg,NY,14075,US,BeverlyRPratt@spambob.com,Taeso0jied,716-646-0857,Branton,6/20/1944,Visa,4539726141719577,878,10/2011,107-12-5467,1Z 1Y8 242 73 6989 306 6,Loan clerk,ConnectRV.com,A+,124.1,56.4,5' 3",159
97,female,Farisa,L,Lozano,235 Southern Street,Roslyn,NY,11576,US,FarisaLozanoRosales@dodgit.com,ohjeiLai4,516-625-5110,Rosales,4/12/1957,MasterCard,5492583864456131,633,10/2012,099-34-3921,1Z 78F 487 13 1878 409 4,Administrative project coordinator,SeeTennis.com,B+,146.1,66.4,5' 5",164
98,male,Alfred,K,Hale,2298 Harry Place,Charlotte,NC,28263,US,AlfredKHale@trashymail.com,Aef3oozeeth,704-796-2184,Eggen,10/23/1964,Visa,4556789548707270,035,6/2014,242-06-3164,1Z E94 V70 31 7662 643 6,Fiscal and policy analyst,CityBriefs.com,O+,223.1,101.4,5' 8",173
99,female,Macaria,B,Jimínez,688 Pike Street,San Diego,CA,92111,US,MacariaJiminezSedillo@pookmail.com,jeeLesaeb5C,858-576-7836,Sedillo,7/18/1931,Visa,4916010423761968,871,1/2015,551-56-5805,1Z 680 Y90 64 6990 833 7,Compensation benefits and job analysis specialist,OEMJobs.com,AB+,199.5,90.7,5' 5",164
100,male,Warren,C,Richards,1646 Upland Avenue,Toledo,OH,43609,US,WarrenCRichards@dodgit.com,lohxahNog3ai,419-900-2066,Wright,1/12/1945,MasterCard,5527727746710418,046,2/2014,296-46-2665,1Z 717 245 30 4666 089 4,Insurance broker,OmahaDryCleaner.com,B+,149.6,68,5' 5",164
